id,type,timestamp,message,agency,DPA,county,OES region,lat/lon,pushed/reason,modeler,"notes (fire name, other)"
2e80f6c4-365f-436e-a650-765be3b9af63,IRWIN,2023-03-06 00:19,"RVC, LIMONITE AV / VAN BUREN BL OFRP IC Riverside",RVC,LOCAL,Riverside,6,"33.9758108906753, -117.475786050789",,,
1429154365,PulsePoint,2023-03-06 06:14,"LFD, 420 SB 405 FWY, Los Angeles",LFD,LOCAL,Los Angeles,1,"34.186334, -118.47461",,,
3adbffc2-d130-4277-927b-70f6ff5262e8,IRWIN,2023-03-06 08:11,"RVC, N LANGSTAFF ST /W SUMNER AV IC Riverside",RVC,LOCAL,Riverside,6,"33.6723118640487, -117.328888001435",,,
1cffc7df-9270-4aee-8ee6-2f536ff22279,IRWIN,2023-03-06 08:55,"RRU, MORONGO CASINO RESORT AND SPA CABA IC Riverside",RRU,STATE,Riverside,6,"33.9199109218928, -116.801281929684",,,
bbf0bd6e-8552-440f-8f97-34241519f24e,IRWIN,2023-03-06 13:38,"RVC, GINGER LN / GRAND AV IC Riverside",RVC,LOCAL,Riverside,6,"33.6302138591099, -117.330375998398",Urban,Libraty,
df397270-fdf6-41fa-b1d2-70770de9a930,IRWIN,2023-03-06 17:45,"RVC, MENIFEE RD / ROUSE RD IC Riverside",RVC,LOCAL,Riverside,6,"33.7286228801522, -117.15403297573",,,
5119e480-5a54-435f-9571-7be06561d3a1,IRWIN,2023-03-06 22:04,"RVC, FILLMORE IC Riverside",RVC,LOCAL,Riverside,6,"33.5399309135766, -116.130266781853",,,
1cbc1228-1242-44d3-8c24-05c845ff2a2b,IRWIN,2023-03-06 23:01,"RVC, FILLMORE IC Riverside",RVC,LOCAL,Riverside,6,"33.547444914663, -116.126911781836",,,
7778f6cc-8963-4917-978c-327d0291e8dc,IRWIN,2023-03-06 23:25,"BDU, ASPEN DR  MORONGO IC San Bernardino",BDU,STATE,San Bernardino,6,"34.0650729529095, -116.549891897368",,,
1444571d-f649-4772-b89a-a4117e848564,IRWIN,2023-03-06 23:41,"RVC, PEDL9 IC Riverside",RVC,LOCAL,Riverside,6,"33.9669248911055, -117.450050045661",,,
aafa084a-784e-4163-96f3-17ce8cc25c89,IRWIN,2023-03-07 01:39,"RVC, S SANTA FE AV /W ESPLANADE AV IC Riverside",RVC,LOCAL,Riverside,6,"33.7730348958122, -116.963172946181",,,
1429998730,PulsePoint,2023-03-07 06:30,"LAC, W AVENUE J & N 30TH ST W, LANCASTER",LAC,LOCAL,Los Angeles,1,"34.6893, -118.18372999999998",,,
5f9c41d7-60f4-4372-9915-3f30a57a0d12,IRWIN,2023-03-07 06:47,"RVC, PALM AV / CHICAGO AV IC Riverside",RVC,LOCAL,Riverside,6,"33.7514448966675, -116.901871933826",,,
46e00036-7827-429f-b0bf-a04358775cd9,IRWIN,2023-03-07 08:40,"TEM, COASTAL CARDIOLOGY TEMP IC San Luis Obispo",TEM,LOCAL,San Luis Obispo,1,"35.5531838621641, -120.721431721569",,,
{4543847D-0BBC-4956-BC59-8DCBBE9E65D0},Intterra FIRIS,2023-03-07 08:44,bstrohbehn_ocfa bstrohbehn_ocfa,MVU,STATE,San Diego,6,"33.034206722867104, -117.20761348035941",,,
g18-2023-03-07T20:46:17+00:00,GOES,2023-03-07 12:46,"Processed, Imperial County, 73 MW",IMP,LOCAL,Imperial,6,"32.8908, -115.5097",,,
g18-2023-03-07T21:28:25+00:00,GOES,2023-03-07 13:28,"Medium Probability, San Diego County, 94 MW",BGO,LOCAL,San Diego,6,"33.293, -116.3243",,,
g18-2023-03-07T21:28:25+00:00,GOES,2023-03-07 13:28,"Medium Probability, San Diego County, 111 MW",BGO,LOCAL,San Diego,6,"33.2444, -116.3384",,,
1430326560,PulsePoint,2023-03-07 14:41,"LAC, W AVENUE D & N 40TH ST W, LANCASTER",LAC,LOCAL,Los Angeles,1,"34.776669999999996, -118.20218",,,
1430478703,PulsePoint,2023-03-07 18:40,"LAC, 27TH ST W & W AVENUE I, LANCASTER",LAC,LOCAL,Los Angeles,1,"34.70398, -118.17884",,,
1e4cb531-3e68-46ca-91fd-203ab487349e,IRWIN,2023-03-07 19:46,"RVC, PALO CEDRO DR  MOVA IC Riverside",RVC,LOCAL,Riverside,6,"33.8890888953892, -117.213591998743",,,
609e3f57-bc2c-4dff-8c9c-35ce9b4ef5ed,IRWIN,2023-03-07 23:03,"RVC, VAN BUREN BL / CLAY ST IC Riverside",RVC,LOCAL,Riverside,6,"33.9671658902036, -117.466643048525",,,
cfb6ad79-e9d0-4fa9-8a78-7a6140020b70,IRWIN,2023-03-08 00:32,"RVC, DIAMOND VALLEY RVP SANJ IC Riverside",RVC,LOCAL,Riverside,6,"33.7913198974642, -116.971822949128",Fusion Center Instruction,Dawn,skip
g18-2023-03-08T20:14:25+00:00,GOES,2023-03-08 12:14,"Partially Cloudy/Smoke, Kern County, 31 MW",KRN,LOCAL,Kern,5,"35.5871, -119.5182",Agriculture / farm,Libraty,
4f68a4a1-872c-4411-8dcc-9957a65b850c,IRWIN,2023-03-08 13:21,"CDD, VEG/RP/ IC San Bernardino",CDD,FEDERAL,San Bernardino,6,"34.7544549965286, -117.16781206292",Dirt / desert,Libraty,
2a7671b0-39c4-4159-80d8-ae5a4abe7b76,IRWIN,2023-03-08 14:52,"RVC, FRED WARING DR / ELDORADO DR IC Riverside",RVC,LOCAL,Riverside,6,"33.728989924974, -116.337471833185",Fusion Center Instruction,Libraty,Golf Course
7124cc0e-bb59-44fe-927c-5528922b9752,IRWIN,2023-03-08 15:00,"RBU, MAIN IC Tehama",RBU,LOCAL,Tehama,3,"40.1491101479069, -122.217361487757",No potential / nowhere to go,Libraty,
465382c9-bbfd-439f-b1be-66c7f06fe49e,IRWIN,2023-03-08 16:16,"SBC, OES Preposition/Mobilization - XSB IC Santa Barbara",SBC,STATE,Santa Barbara,1,"34.4508381106848, -119.768901371032",Other - Enter reason,Libraty,Strike team dispatch
269914a4-5824-4833-aad5-74dcee27a155,IRWIN,2023-03-08 16:47,"MVU, OLD HIGHWAY 80  / RAILROAD ST IC San Diego",MVU,STATE,San Diego,6,"32.617496798082, -116.189704724587",,,
7c2be08a-aaeb-4611-9c44-86a42f0d953b,IRWIN,2023-03-08 17:40,"SCU, XCC PREPOSITION IC Contra Costa",SCU,LOCAL,Contra Costa,2,"37.9263949816922, -122.078903181658",,,
763ae64e-7266-4d72-9aa2-88cbbd43ba0b,IRWIN,2023-03-08 18:46,"RVC, DISCOVERY PARK MENI IC Riverside",RVC,LOCAL,Riverside,6,"33.7095618785598, -117.142801972291",,,
47252724-0bfc-4103-bffe-9f5a70724388,IRWIN,2023-03-08 20:41,"RRU, ROUNER DR  JRPV IC Riverside",RRU,LOCAL,Riverside,6,"34.0313349014026, -117.397321041825",,,
a6cf7034-9cd6-4d22-b533-4649d9898911,IRWIN,2023-03-09 00:10,"RVC, S SAN JACINTO AV / SHAVER ST IC Riverside",RVC,LOCAL,Riverside,6,"33.777773896603, -116.958836945803",,,
e8e84de0-d5b6-4ae2-ad84-f11c8ff171dc,IRWIN,2023-03-09 02:41,"RVC, HY 74  / MONTEREY AV IC Riverside",RVC,LOCAL,Riverside,6,"33.7215199211425, -116.391258842085",,,
fdfd26db-d04d-4b15-b516-0d058f6e0c3a,IRWIN,2023-03-09 04:58,"RVC, W RAMSEY ST /S 4TH ST IC Riverside",RVC,LOCAL,Riverside,6,"33.9254159180916, -116.881125944038",,,
1431651409,PulsePoint,2023-03-09 10:48,"ORC, SIEVERS CANYON & Dead End, Rancho Mission Viejo",ORC,FEDERAL,Riverside,1,"33.602289, -117.457293",Prescribed fire,Rawaf,
1431651409,PulsePoint,2023-03-09 10:48,"ORC, SIEVERS CANYON & Dead End, Rancho Mission Viejo",ORC,FEDERAL,Riverside,1,"33.602289, -117.457293",Other - Enter reason,Rawaf,Repeat ORC Sievers
dc1672c6-e41f-4578-8b3e-f045462fabbe,IRWIN,2023-03-09 13:56,"RVC, ESTRELLA ST /N PALM AV IC Riverside",RVC,LOCAL,Riverside,6,"33.7910538969432, -116.980708950649",Urban,Daniel B,
68050c63-5fd0-4cb1-8891-5042e92d5fbf,IRWIN,2023-03-09 15:13,"GND, TIMMONS IC Siskiyou",GND,LOCAL,Siskiyou,3,"41.5851222268723, -122.525046746841",Urban,Daniel B,
411d3230-ca4d-4552-b8a6-d06f60f3ef7d,IRWIN,2023-03-09 15:50,"RVC, AVE 66  / DATE PALM ST IC Riverside",RVC,LOCAL,Riverside,6,"33.569306920125, -116.074544774225",Urban,Daniel B,
d8cc651f-f886-45a1-9934-f56b9aa1a2c7,IRWIN,2023-03-09 16:04,"RVC, AVE 77   THER IC Riverside",RVC,LOCAL,Riverside,6,"33.4916429084158, -116.117934775963",,,
8ec206d9-82a7-4383-876e-a017ef05af58,IRWIN,2023-03-09 17:54,"RVC, AVE 62   THER IC Riverside",RVC,LOCAL,Riverside,6,"33.5982679156986, -116.220817802393",Urban,Daniel,
d52ccb86-70a2-49cb-a195-3e522941adaa,IRWIN,2023-03-09 20:22,"RVC, JUNIPER IC Riverside",RVC,LOCAL,Riverside,6,"33.7432748839949, -117.115028970144",Urban,Daniel,
bd8ed394-04d6-4514-a186-c96c3b3bec2a,IRWIN,2023-03-09 20:57,"RVC, COOK ST  PDES IC Riverside",RVC,LOCAL,Riverside,6,"33.7363199248162, -116.356297837081",,,
d4129549-aaf0-4e24-9813-1a53ce85bd49,IRWIN,2023-03-09 23:59,"RRU, MARIE RD  PERR IC Riverside",RRU,STATE,Riverside,6,"33.8054788817638, -117.285756004518",,,
1432191589,PulsePoint,2023-03-10 04:03,"LAC, W AVENUE N & N SIERRA HWY, PALMDALE",LAC,FEDERAL,Los Angeles,1,"34.63113, -118.12989",,,
1432208785,PulsePoint,2023-03-10 04:54,"LAC, N 20TH ST W & W AVENUE M-8, PALMDALE",LAC,LOCAL,Los Angeles,1,"34.63854, -118.16532999999998",,,
5d1251da-c2f5-4af6-9ea2-bde2813cf9bb,IRWIN,2023-03-10 08:06,"RVC, LAKE IC Riverside",RVC,LOCAL,Riverside,6,"33.7268688668039, -117.393086016749",Weather,Rawaf,"No views available due to weather, looks rainy/wet."
e8706dd9-31e7-4397-815b-695a39aacc24,IRWIN,2023-03-10 09:34,"RVC, MAPES RD / SUNNYSANDS DR IC Riverside",RVC,LOCAL,Riverside,6,"33.757519878293, -117.248522994309",Other - Enter reason,Rawaf,"Urban and old: ""FireDiscoveryDateTime: 2023-03-10 08:59 PST"""
278d2d75-0599-440e-97f8-6cd9a4d59bcc,IRWIN,2023-03-10 17:01,"RVC, DE ANZA DR /N LYON AV IC Riverside",RVC,LOCAL,Riverside,6,"33.8034978979046, -116.989512953162",,,
ef331aaf-c5ce-4a90-a5ef-ef4fa4c783eb,IRWIN,2023-03-10 17:07,"CRD, Winterhaven IC Imperial",,FEDERAL,Imperial,6,"32.7527248954414, -114.59331144619",,,
816908e6-a8b3-4e4a-a60a-bab6ef843e70,IRWIN,2023-03-10 23:43,"RVC, YUCCA DR  DHSP IC Riverside",RVC,LOCAL,Riverside,6,"33.9729419450783, -116.496439880543",,,
24005c87-a715-4a05-b837-2d974f7b1f0e,IRWIN,2023-03-11 05:19,"RRU, SEMINOLE DR  CABA IC Riverside",RRU,STATE,Riverside,6,"33.9308989221507, -116.819672933771",,,
e07f3c1d-be30-41cb-ac22-fdea23094b8d,IRWIN,2023-03-11 08:30,"BDU, RAWSON RD / OSKAR LN IC San Bernardino",BDU,STATE,San Bernardino,6,"34.083129954997, -116.55039289892",Other - Enter reason,Rawaf,"Desert and old: ""FireDiscoveryDateTime: 2023-03-11 06:45 PST"""
1433394509,PulsePoint,2023-03-11 12:35,"LAC, 170TH ST E & E AVENUE N, LAKE LOS ANGELES",LAC,LOCAL,Los Angeles,1,"34.631170000000004, -117.82706",,,
66aeda9a-b900-4d6a-866e-ed958ced4c67,IRWIN,2023-03-11 16:03,"RRU, AURORA IC Riverside",RRU,STATE,Riverside,6,"33.5844778873268, -116.713931888027",,,
83f16e06-c4b7-4ea2-ae64-7f94b8b2b836,IRWIN,2023-03-11 18:57,"RRU, YOUNG LN  HOML IC Riverside",RRU,STATE,Riverside,6,"33.7372978836809, -117.108133968481",,,
105cdb75-40b0-4e07-8938-8111d308502a,IRWIN,2023-03-12 04:47,"RRU, CAJALCO RD / HARLEY JOHN RD IC Riverside",RRU,STATE,Riverside,6,"33.8343698813207, -117.353706018501",,,
1433989995,PulsePoint,2023-03-12 08:10,"LAC, NB 14 AT ESCONDIDO CANYON RD ,",LAC,STATE,Los Angeles,1,"34.49203, -118.28349999999999",,,
e187a150-7f4c-412d-b0fe-dcde7ddb4eb4,IRWIN,2023-03-12 13:45,"RVC, QUINCY LN  TEM IC Riverside",RVC,LOCAL,Riverside,6,"33.5393168575629, -117.165156962883",,,
3ae0e3d0-051f-4589-bdb3-cd5f9dc2d7ef,IRWIN,2023-03-27 01:04,"RVC, RAMON IC Riverside",RVC,LOCAL,Riverside,6,"33.816309931337, -116.410547852944",,,
3629080e-c672-44a9-9aed-4926590f5e28,IRWIN,2023-03-27 02:39,"RVC, PALM DR / TWO BUNCH PALMS TRL IC Riverside",RVC,LOCAL,Riverside,6,"33.9468089417345, -116.501239879291",,,
265e21d8-3e94-4b79-8f7b-06be067059e5,IRWIN,2023-03-27 03:21,"RVC, SUN CITY BL  MENI IC Riverside",RVC,LOCAL,Riverside,6,"33.7150788763884, -117.193995981563",,,
1537ccbb-af37-4b1a-af0a-8fb84ddc18fc,IRWIN,2023-03-27 06:46,"RVC, PIGEON PASS RD / HEMLOCK AV IC Riverside",RVC,LOCAL,Riverside,6,"33.9424258988518, -117.261451011272",,,
12d82093-a801-4506-bec8-2f3668f8f413,IRWIN,2023-03-27 07:04,"RVC, PALM DR  DHSP IC Riverside",RVC,LOCAL,Riverside,6,"33.9483619419107, -116.501359879437",Dirt / desert,Dawn,
2d5f4c21-8345-4b34-b309-dfd7a09526c0,IRWIN,2023-03-27 07:31,"RVC, FRED WARING DR  PDES IC Riverside",RVC,LOCAL,Riverside,6,"33.7287149216316, -116.397951843829",Dirt / desert,Dawn,
70e7c449-a77c-4758-9e52-c20435c4c728,IRWIN,2023-03-27 13:38,"RRU, CELINE CV  MURR IC Riverside",RRU,STATE,Riverside,6,"33.5610298530749, -117.294312986817",No potential / nowhere to go,Dawn,
{AA49A342-76FF-48EE-A470-8B444742764E},Intterra FIRIS,2023-03-27 14:18,No additional information TuleRiverRes_032720232030Z DPS,TIA,FEDERAL,Tulare,5,"36.030986561089115, -118.68511120551881",,,
{4BCC04FD-734B-4C36-A5FA-8586C90AB6A1},Intterra FIRIS,2023-03-27 14:31,No additional information TuleRiverRes_032720232030Z DPS,TIA,FEDERAL,Tulare,5,"36.053046877293674, -118.65274233000885",,,
{0CD9B439-1392-4C5A-9522-B99FA151F860},Intterra FIRIS,2023-03-27 14:52,No additional information TuleRiverRes_032720232030Z DPS,TIA,FEDERAL,Tulare,5,"36.03590573925082, -118.67777438395414",,,
1446024881,PulsePoint,2023-03-27 15:27,"LAC, NB 14 AT 20TH ST W--UC ,",LAC,LOCAL,Los Angeles,1,"34.68377, -118.1657",Urban,Dawn,
0c48f550-aa10-426d-b865-717697792944,IRWIN,2023-03-27 18:04,"RVC, GOLF CENTER PY / AVE 45 IC Riverside",RVC,LOCAL,Riverside,6,"33.7222179313483, -116.206114809433",Urban,Sierra,
00f0e8b5-1fdb-43a9-aac5-eb2732128d21,IRWIN,2023-03-27 18:31,"MEU, FREY VINEYARDS REDWOOD_VALLEY IC Mendocino",MEU,STATE,Mendocino,2,"39.3373450051153, -123.226323528014",Knockdowns,Sierra,
1446165713,PulsePoint,2023-03-27 18:58,"LAC, N SIERRA HWY & E AVENUE N, PALMDALE",LAC,LOCAL,Los Angeles,1,"34.63114000000001, -118.12586",No potential / nowhere to go,Sierra,
1446165691,PulsePoint,2023-03-27 19:00,"LAC, W AVENUE O & N 10TH ST W, PALMDALE",LAC,LOCAL,Los Angeles,1,"34.61653, -118.14774",No potential / nowhere to go,Sierra,
1446167995,PulsePoint,2023-03-27 19:04,"LAC, N SIERRA HWY & E AVENUE O, PALMDALE",LAC,LOCAL,Los Angeles,1,"34.6161, -118.12343999999999",No potential / nowhere to go,,
1446243275,PulsePoint,2023-03-27 21:41,"LFD, 974 N MAYO ST, Los Angeles",LFD,LOCAL,Los Angeles,1,"34.113201, -118.21125",,,
9bc17c63-0f58-4f44-bdd6-dfe6e9de924a,IRWIN,2023-03-27 22:58,"RVC, W SAN JACINTO AV / DIANA ST IC Riverside",RVC,LOCAL,Riverside,6,"33.7865208811742, -117.256917998049",,,
1446432167,PulsePoint,2023-03-28 07:23,"LFD, 21024 W MULHOLLAND DR, Los Angeles",LFD,LOCAL,Los Angeles,1,"34.144034, -118.59048",Urban,Dawn,
1446435679,PulsePoint,2023-03-28 07:27,"LAC, MULHOLLAND DR & ROSARIO RD, LOS ANGELES",LAC,LOCAL,Los Angeles,1,"34.14393, -118.59067",Urban,Dawn,
1446435679,PulsePoint,2023-03-28 07:27,"LAC, 21024 MULHOLLAND DR, LOS ANGELES",LAC,LOCAL,Los Angeles,1,"34.14398500063249, -118.59117499978962",Urban,Dawn,
94a0c3d9-313d-4718-aac5-8b8d00774976,IRWIN,2023-03-28 07:51,"RVC, YNEZ RD  TEM IC Riverside",RVC,LOCAL,Riverside,6,"33.505099854403, -117.149906957611",Urban,Dawn,
2771b561-afc2-4c2d-a4b1-80138b85ffc3,IRWIN,2023-03-28 08:22,"BDU, FLYNN IC San Bernardino",BDU,LOCAL,San Bernardino,6,"34.9844495488007, -115.719178497224",Other - Enter reason,Dawn,old alert
28c4728e-713f-4c3f-8e82-ff1bf77de87e,IRWIN,2023-03-28 08:24,"RVC, MISSION BL / PACIFIC AV IC Riverside",RVC,LOCAL,Riverside,6,"34.0039428969482, -117.421057043679",Urban,Dawn,
1446571690,PulsePoint,2023-03-28 11:03,"LFD, 7950 N WOODMAN AVE, Los Angeles",LFD,LOCAL,Los Angeles,1,"34.215765, -118.4307",Urban,Dawn,
1446698365,PulsePoint,2023-03-28 13:50,"LAC, N 20TH ST E & E AVENUE E-4, LANCASTER",LAC,LOCAL,Los Angeles,1,"34.75938, -118.09526",Dirt / desert,Dawn,
462b1079-81d1-430b-90a7-bac9ce5cd094,IRWIN,2023-03-28 14:43,"RVC, YNEZ RD / DLR DR IC Riverside",RVC,LOCAL,Riverside,6,"33.5083298547501, -117.150448957953",Urban,Daniel,
47b98004-1e01-46d5-aedc-add75c80c0e3,IRWIN,2023-03-28 15:06,"RVC, KASBA CI / GREGORY LN IC Riverside",RVC,LOCAL,Riverside,6,"33.9520989011338, -117.240475008434",Urban,Daniel,
a3d2fa80-99a2-40fa-a27d-4dec4e61d688,IRWIN,2023-03-28 15:33,"CDD, SKY VALLEY DR / DILLON RD IC Riverside",CDD,FEDERAL,Riverside,6,"33.8912779440856, -116.34062684656",Dirt / desert,Daniel,
954143d7-9acb-43cc-9595-0d423cdd73d9,IRWIN,2023-03-28 16:24,"RVC, DIANA IC Riverside",RVC,LOCAL,Riverside,6,"33.7865208811742, -117.256917998049",Urban,Daniel,
g16-2023-03-28T23:40:20+00:00,GOES,2023-03-28 16:40,"Processed, Kern County, 43 MW",CDD,FEDERAL,Kern,5,"35.3453, -117.8531",Dirt / desert,Daniel,
1446837800,PulsePoint,2023-03-28 17:20,"LAC, JAKES WAY & N SIERRA HWY, CANYON COUNTRY",LAC,LOCAL,Los Angeles,1,"34.41057, -118.45867999999999",,,
4cc1be57-582c-46cf-821f-09925a8774c8,IRWIN,2023-03-28 17:34,"RVC, DRACAEA AV / LASSELLE ST IC Riverside",RVC,LOCAL,Riverside,6,"33.9282159001496, -117.208949001077",,,
4fb53387-f794-4a35-a4da-6bd8849729dc,IRWIN,2023-03-28 17:52,"RVC, FREDERICK ST / ALESSANDRO BL IC Riverside",RVC,LOCAL,Riverside,6,"33.917277895982, -117.2611490092",,,
51f6c07c-1de4-4871-b943-146c21fabbd6,IRWIN,2023-03-28 18:22,"RVC, TURF IC Riverside",RVC,LOCAL,Riverside,6,"33.8217248871951, -117.221413994723",,,
7222a31d-e11f-4c1c-ad64-f3264613caaa,IRWIN,2023-03-28 18:53,"RVC, HY 60  W/ PIGEON PASS RD OFRP IC Riverside",RVC,LOCAL,Riverside,6,"33.9410188990729, -117.254601009978",,,
a90778c3-7f8b-4b1d-a7ce-0d5c6f1a99bd,IRWIN,2023-03-28 19:53,"RVC, AVE 66  / HY 86S IC Riverside",RVC,LOCAL,Riverside,6,"33.5693099203525, -116.070339773478",,,
c9261d99-d93a-4ec0-9ebd-276bae50fe2f,IRWIN,2023-03-28 19:55,"RVC, DESERT STREAM DR / ASHLEY PL IC Riverside",RVC,LOCAL,Riverside,6,"33.7174719265789, -116.283009822665",,,
0c16dd33-5ada-4573-a98e-7c649fe1ac30,IRWIN,2023-03-28 19:57,"RVC, HY 74  E/ WINCHESTER RD IC Riverside",RVC,LOCAL,Riverside,6,"33.7411668857072, -117.079447963823",,,
993c5303-be14-4d32-98da-d37cd96a3f3a,IRWIN,2023-03-29 02:10,"RVC, HARGRAVE ST OFRP  / I 10  E IC Riverside",RVC,LOCAL,Riverside,6,"33.9241619184045, -116.872882942502",,,
3519614b-7e18-4d81-a741-de8a6cbbffb6,IRWIN,2023-03-29 02:12,"RVC, BUBBLING WELLS RD / CAMINO CAMPANERO IC Riverside",RVC,LOCAL,Riverside,6,"33.9394609418218, -116.484103875689",,,
9a69720a-c027-4693-8b9a-9353b289e1ab,IRWIN,2023-03-29 02:25,"RVC, VERBENA DR / PARK LN IC Riverside",RVC,LOCAL,Riverside,6,"33.9432569417879, -116.492757877515",,,
a8bfa4e0-bd2d-47df-8cf3-5a9dac62e36d,IRWIN,2023-03-29 02:32,"RVC, CENTENNIAL ST  RANM IC Riverside",RVC,LOCAL,Riverside,6,"33.7687099240563, -116.440330854434",,,
21b2b579-e4bf-442e-8090-97e8c55100ac,IRWIN,2023-03-29 08:49,"RVC, N A ST /W SAN JACINTO AV IC Riverside",RVC,LOCAL,Riverside,6,"33.7865908824035, -117.234802994244",Urban,Dawn,
114054fe-1471-4abb-9a23-54f7c3515899,IRWIN,2023-03-29 09:27,"RVC, CARTAGENA DR  MOVA IC Riverside",RVC,LOCAL,Riverside,6,"33.9742229021104, -117.268391015028",Urban,Dawn,
d2d71f68-5628-478f-8a60-23948ea54af3,IRWIN,2023-03-29 11:20,"RVC, EUCALYPTUS AV  MOVA IC Riverside",RVC,LOCAL,Riverside,6,"33.9367849024627, -117.185155997658",Urban,Dawn,
g18-2023-03-29T19:09:26+00:00,GOES,2023-03-29 12:09,"High Probability, San Luis Obispo County, 31 MW",SLU,STATE,San Luis Obispo,1,"35.7187, -120.9293",Fusion Center Instruction,Dawn,"skip, by lake"
1447456231,PulsePoint,2023-03-29 14:02,"LAC, 9753 E AVENUE F-8, LANCASTER",LAC,LOCAL,Los Angeles,1,"34.74149000014752, -117.95588000000001",No potential / nowhere to go,Dawn,
1447456231,PulsePoint,2023-03-29 14:02,"LAC, 9753 E AVENUE F-8, LANCASTER",LAC,LOCAL,Los Angeles,1,"34.74149000014752, -117.95588000000001",No potential / nowhere to go,Dawn,
1447732647,PulsePoint,2023-03-29 20:22,"LAC, E AVENUE I & N 25TH ST E, LANCASTER",LAC,LOCAL,Los Angeles,1,"34.70431, -118.08671",,,
9e1fb389-1804-4a67-b71c-bbe19f23d2e5,IRWIN,2023-03-30 06:05,"RVC, TEMESCAL AV  NORC IC Riverside",RVC,LOCAL,Riverside,6,"33.9235038811941, -117.53890805738",,,
1448747171,PulsePoint,2023-03-31 06:19,"LAC, E AVENUE K & KIRKLAND AVE, LANCASTER",LAC,LOCAL,Los Angeles,1,"34.675, -118.12449",,,
7d96ee8f-f99b-452b-a712-4249cb10ade6,IRWIN,2023-03-31 07:28,"RVC, PALM DR / IRONWOOD DR IC Riverside",RVC,LOCAL,Riverside,6,"33.9504819421666, -116.501247879587",Other - Enter reason,Rawaf,"Urban/desert and old: ""FireDiscoveryDateTime: 2023-03-31 06:58 PDT"""
1448807954,PulsePoint,2023-03-31 08:17,"LFD, 2610 SB 101 FWY, Los Angeles",LFD,LOCAL,Los Angeles,1,"34.047599, -118.22184",Urban,Rawaf,
eef08202-fca8-4ca6-8112-f30abb36915f,IRWIN,2023-03-31 10:36,"RVC, GRANT ST / HAMMOND RD IC Riverside",RVC,LOCAL,Riverside,6,"33.5472459191085, -116.044016767102",Agriculture / farm,Rawaf,"Also, desert."
1449164822,PulsePoint,2023-03-31 16:26,"LAC, HWY 138 & 248TH ST E, LLANO",LAC,STATE,Los Angeles,1,"34.46728, -117.68616000000002",,,
3a5c754e-1a55-4fc5-b3d5-5d63446cb889,IRWIN,2023-03-31 16:43,"RVC, COOK ST OVRPS (I 10) THOU IC Riverside",RVC,LOCAL,Riverside,6,"33.7860219308154, -116.354684840705",,,
g18-2023-04-01T00:37:26+00:00,GOES,2023-03-31 17:37,"High Probability, Santa Barbara County, 237 MW",SBC,STATE,Santa Barbara,1,"34.5991, -120.2053",,,
1449238683,PulsePoint,2023-03-31 18:11,"LAC, LONGVIEW RD & E AVENUE T, LITTLEROCK",LAC,LOCAL,Los Angeles,1,"34.54272999999999, -117.89692000000001",,,
982d61ff-3588-4198-bced-651d552b33bf,IRWIN,2023-03-31 18:55,"RVC, SUNNYMEAD BL  MOVA IC Riverside",RVC,LOCAL,Riverside,6,"33.9390628998451, -117.236748006743",,,
9242a8c4-3422-4f6a-909f-ca7cf32e3b16,IRWIN,2023-03-31 21:10,"RVC, GOLF CENTER PY / AVE 45 IC Riverside",RVC,LOCAL,Riverside,6,"33.7222179313483, -116.206114809433",,,
95c05285-b17f-48b2-80d6-f7fb2b85b7dc,IRWIN,2023-03-31 21:34,"RVC, S SAN GORGONIO AV /E LINCOLN ST IC Riverside",RVC,LOCAL,Riverside,6,"33.9145489170741, -116.876690942396",,,
3cb5f7dd-a823-4467-91b5-e9108782a061,IRWIN,2023-03-13 09:21,"RVC, S HARGRAVE ST / JOHN ST IC Riverside",RVC,LOCAL,Riverside,6,"33.9232199185672, -116.867990941575",,,
30b06269-4d2f-4d79-9403-368ec35f8d48,IRWIN,2023-03-13 15:08,"RVC, PACKARD ST  JRPV IC Riverside",RVC,LOCAL,Riverside,6,"33.9970198970852, -117.404559040287",Urban,Libraty,
485d5397-0a60-4d37-8b5a-0d405d18baaf,IRWIN,2023-03-13 18:24,"RVC, YNEZ CT  TEM IC Riverside",RVC,LOCAL,Riverside,6,"33.5114548551437, -117.1499049581",,,
1435178267,PulsePoint,2023-03-13 19:42,"LAC, W AVENUE K & 14 FWY, LANCASTER",LAC,LOCAL,Los Angeles,1,"34.67487, -118.16069",,,
6dc2ccdb-8ab0-417e-9c27-949a95278662,IRWIN,2023-03-14 06:29,"RVC, CANTU IC Riverside",RVC,LOCAL,Riverside,6,"34.0041028920163, -117.509208058801",,,
4ad71a95-2cf8-4f66-b325-6056cc45db31,IRWIN,2023-03-14 06:36,"RVC, LIMONITE AV / ARCHER ST IC Riverside",RVC,LOCAL,Riverside,6,"33.9755388905017, -117.478332051203",,,
1435436771,PulsePoint,2023-03-14 07:22,"LAC, THE OLD ROAD & 5 FWY, SANTA CLARITA",LAC,,Los Angeles,1,"34.35671, -118.55205",,,
5a76e3f9-d821-4818-954e-e621ef682765,IRWIN,2023-03-14 08:08,"SCA, ANDRADE IC Imperial",,FEDERAL,Imperial,6,"32.7191715540878, -114.733067029492",,,
a8e067c4-40be-4e8d-a64a-50695df30402,IRWIN,2023-03-14 09:08,"SCU, L1 IC Santa Clara",SCU,STATE,Santa Clara,2,"37.0885829529957, -121.477742995318",,,
e4441f14-2882-449c-b783-e6f70a86d056,IRWIN,2023-03-14 15:05,"RVC, CEDAR DR  LVIL IC Riverside",RVC,LOCAL,Riverside,6,"33.6565088598768, -117.371811007571",,,
9cfe2632-6a0a-49aa-b484-e32b354e55b3,IRWIN,2023-03-15 06:11,"RVC, ADAMS ST / HY 111 IC Riverside",RVC,LOCAL,Riverside,6,"33.7084139253249, -116.286173822515",,,
17743388-c548-45a7-a476-a6b723941ef6,IRWIN,2023-03-15 06:11,"RVC, DEBORAH DR  INDO IC Riverside",RVC,LOCAL,Riverside,6,"33.7062599282349, -116.228168812089",,,
ce1d961e-8d47-4490-b2bc-8d7f3cda3dc1,IRWIN,2023-03-15 13:33,"BDF, TRAM IC Riverside",BDF,FEDERAL,Riverside,6,"33.8113469185556, -116.631846891429",,,
e3d0b8d1-347e-4897-94d1-98bd2bad2e9f,IRWIN,2023-03-15 14:32,"ARF, ARF1 IC Humboldt",ARF,LOCAL,Humboldt,2,"40.867842043077, -124.071931865423",,,
9f240f0d-01c8-4f2a-b3f4-379d673431bd,IRWIN,2023-03-15 19:53,"RVC, AMARYLLIS CT  WILD IC Riverside",RVC,LOCAL,Riverside,6,"33.6014828590572, -117.270451985853",,,
c059d733-070f-43a4-bd47-6458c2750f71,IRWIN,2023-03-15 21:05,"RVC, OASIS ST / HY 111 IC Riverside",RVC,LOCAL,Riverside,6,"33.7149219296763, -116.220743811452",,,
1436812872,PulsePoint,2023-03-15 21:47,"LFD, 3409 N CAZADOR ST, Los Angeles",LFD,LOCAL,Los Angeles,1,"34.108038, -118.23039",,,
1b9ec467-4f5f-4b69-afcd-282fb3e583a0,IRWIN,2023-03-16 02:36,"RRU, WALNUT AV / RED GUM DR IC Riverside",RRU,STATE,Riverside,6,"33.7045578672442, -117.338385005599",,,
680beb7e-38fb-4ffd-9f34-ab5a8181f024,IRWIN,2023-03-16 05:59,"RRU, FAIRBANKS IC Riverside",RRU,LOCAL,Riverside,6,"34.0073478964225, -117.437325046746",,,
85dee1e6-d06d-4792-8976-a54b2a0772cd,IRWIN,2023-03-16 10:57,"RVC, BELLAMO LN  PERR IC Riverside",RVC,LOCAL,Riverside,6,"33.7788118810136, -117.243727995166",Other - Enter reason,Rawaf,"Urban and old: ""FireDiscoveryDateTime: 2023-03-16 09:13 PST"""
g18-2023-03-16T21:06:18+00:00,GOES,2023-03-16 14:06,"Processed, Imperial County, 62 MW",IMP,LOCAL,Imperial,6,"32.8614, -115.6658",Fusion Center Instruction,,
9c261faa-5ac1-4b2a-8dc6-9f6ec05dfe33,IRWIN,2023-03-16 14:13,"RVC, AVE 66  / TYLER ST IC Riverside",RVC,LOCAL,Riverside,6,"33.569169915267, -116.164177790116",Agriculture / farm,Daniel B,
15e42c29-e212-4e4f-9295-17ed0a6cd324,IRWIN,2023-03-16 14:37,"NEU, SHERIDAN IC Placer",,LOCAL,Placer,4,"38.9264671207965, -121.337180189653",Agriculture / farm,Daniel B,
5146cab5-a56e-48a5-b247-b65f92783578,IRWIN,2023-03-16 16:07,"RVC, CAJALCO RD / TYLER RD IC Riverside",RVC,LOCAL,Riverside,6,"33.8373268859866, -117.275666005312",,,
9b82e5d9-cfca-4d9e-bac8-c24b8a053f30,IRWIN,2023-03-16 17:24,"SHU, KNIGHTON IC Shasta",SHU,LOCAL,Shasta,3,"40.5049541645643, -122.339153556718",,,
119c6784-b04c-436e-a9a8-0be8f998c3f1,IRWIN,2023-03-16 17:52,"RVC, PIERCE ST / AVE 69 IC Riverside",RVC,LOCAL,Riverside,6,"33.5473139154071, -116.112820779326",,,
bac94eb0-97cf-4e62-9058-4977e7ccfe22,IRWIN,2023-03-16 19:40,"SSN, BRIDGE IC Lassen",SSN,LOCAL,Lassen,3,"40.4027652986223, -120.631129275569",,,
1437664205,PulsePoint,2023-03-16 23:41,"LAC, 116TH ST E & E AVENUE T-14, PEARBLOSSOM",LAC,LOCAL,Los Angeles,1,"34.530080000000005, -117.92276999999999",,,
1437664205,PulsePoint,2023-03-16 23:41,"LAC, 116TH ST E & E AVENUE U, PEARBLOSSOM",LAC,LOCAL,Los Angeles,1,"34.52826999999999, -117.92275",,,
1437722340,PulsePoint,2023-03-17 03:21,"LAC, N SIERRA HWY & W AVENUE K, LANCASTER",LAC,LOCAL,Los Angeles,1,"34.67499000000001, -118.13287999999999",,,
24dd24a6-836b-4189-97a9-d864c113b251,IRWIN,2023-03-17 05:49,"AEU, HY 88  /E LIBERTY RD IC San Joaquin",AEU,STATE,San Joaquin,4,"38.2360650839312, -121.051103060128",,,
c39c32df-6afc-4548-ae96-3d39ecba6081,IRWIN,2023-03-17 08:20,"RRU, HILL IC Riverside",RRU,LOCAL,Riverside,6,"34.0206868954956, -117.480819055283",Other - Enter reason,Rawaf,"Urban and old: ""FireDiscoveryDateTime: 2023-03-16 09:13 PST"""
59e21e96-b042-495f-9ef4-d28010c0d377,IRWIN,2023-03-17 08:25,"CMS, CHERRY VALLEY BL / CHERRY VALLEY BL OFRP IC Riverside",CMS,LOCAL,Riverside,6,"33.968425914527, -117.034455974128",Nothing on radio,Rawaf,"Looks wet, possibly UTL"
1315002d-3572-4516-bdab-92934b439258,IRWIN,2023-03-17 09:22,"RRU, CALLE JARDIN  / AVENIDA TIERRA IC Riverside",RRU,STATE,Riverside,6,"33.4604948453867, -117.220675966387",Nothing on cameras,Rawaf,"Humidities are still close to 100%... Possible vehicle fire, negative vegetation, handled with units on scene."
5d12495b-1074-489f-b369-de1b9b44b5d5,IRWIN,2023-03-17 14:16,"BTU, LOUIS AVE / CITRUS AVE IC Butte",BTU,STATE,Butte,3,"39.4256351465948, -121.530910284159",Knockdowns,crawl,1/4 acre
c36fb2d6-f282-4d4e-910f-222527c59b0d,IRWIN,2023-03-17 15:14,"TGU, RIVERSIDE IC Tehama",TGU,LOCAL,Tehama,3,"40.1399841477447, -122.210902485499",Nothing on cameras,crawl,old - 14:14
1438238973,PulsePoint,2023-03-17 17:21,"LFD, ADDRESS NOT AVAIL",LFD,LOCAL,Los Angeles,1,"34.07289, -118.227197",,,
95c6a42b-9d70-4c36-a823-40524b7f81ba,IRWIN,2023-03-17 18:27,"CZU, STAPP RD  BOULDER_CREEK IC Santa Cruz",CZU,STATE,Santa Cruz,2,"37.1935249158534, -122.136012106954",,,
b975232e-be1e-454f-9b29-99271f7dd1c8,IRWIN,2023-03-17 19:22,"RVC, PECHANGA PY / RAINBOW CANYON RD IC Riverside",RVC,LOCAL,Riverside,6,"33.4734618519462, -117.127054951231",,,
23d9168d-b13b-43b4-94b1-3bea28224173,IRWIN,2023-03-17 20:34,"RVC, 111 IC Riverside",RVC,LOCAL,Riverside,6,"33.5697779199691, -116.078484774961",,,
2b286887-327b-4d5c-827b-9a3ff006b355,IRWIN,2023-03-17 21:05,"RVC, 51 IC Riverside",RVC,LOCAL,Riverside,6,"33.6781719262559, -116.202806805408",,,
aede4e2d-96a0-4479-a970-80c1eb083022,IRWIN,2023-03-17 22:21,"RVC, AVE 48   COAC IC Riverside",RVC,LOCAL,Riverside,6,"33.7003359282696, -116.214546809215",,,
1438484679,PulsePoint,2023-03-18 00:18,"LAC, TREVOR AVE & W MILLING ST, LANCASTER",LAC,LOCAL,Los Angeles,1,"34.6969, -118.13350999999999",,,
77ff11be-6986-4f7e-969d-21c299ca1ba8,IRWIN,2023-03-18 05:58,"RVC, I 10  E/ HARGRAVE ST OFRP IC Riverside",RVC,LOCAL,Riverside,6,"33.9241619184045, -116.872882942502",,,
631662e5-c9c9-417b-bd91-a786d5db0ac8,IRWIN,2023-03-18 06:56,"RVC, AVE 54  / VAN BUREN ST IC Riverside",RVC,LOCAL,Riverside,6,"33.6565489238556, -116.199301803104",Urban,Rawaf,
c420c0f6-5721-4b50-99b8-1c282a417c59,IRWIN,2023-03-18 06:59,"RVC, WILDOMAR TRL / FRONT ST IC Riverside",RVC,LOCAL,Riverside,6,"33.6014728588147, -117.274880986614",Urban,Rawaf,
d157dee0-a10b-40ad-9752-bde25ed923a4,IRWIN,2023-03-18 12:14,"RVC, I 10  E/ 8TH ST OFRP IC Riverside",RVC,LOCAL,Riverside,6,"33.9241369174241, -116.890446945558",Urban,Daniel B,
1438847035,PulsePoint,2023-03-18 12:35,"LFD, 800 S LORENA ST, Los Angeles",LFD,LOCAL,Los Angeles,1,"34.029716, -118.20041",Urban,Daniel B,
a22ce97d-b993-4519-b266-d455a9955d5d,IRWIN,2023-03-18 13:50,"RVC, HY 111  / INDIO BL IC Riverside",RVC,LOCAL,Riverside,6,"33.7151759304537, -116.207067809051",Urban,Daniel B,
d33e1f81-3395-4962-991d-8c88aa2507e0,IRWIN,2023-03-18 14:10,"YUC, OAK GLEN RD / 5TH ST IC San Bernardino",YUC,LOCAL,San Bernardino,6,"34.0443869221433, -117.054988983825",Urban,Daniel B,
0e53ae4d-aebe-4235-b5fd-12be1b8d31c6,IRWIN,2023-03-18 17:07,"RRU, GRANITE HILL DR / LINDSAY ST IC Riverside",RRU,LOCAL,Riverside,6,"34.0195708943873, -117.498274058182",Urban,Sierra,Also old
09032213-a7fb-4e0a-ba4d-073436a7b02e,IRWIN,2023-03-18 19:50,"RVC, SAN PABLO AV / CATALINA WY IC Riverside",RVC,LOCAL,Riverside,6,"33.7263319221907, -116.382557840929",,,
9b45d324-6eba-4b84-9289-3619b110c10a,IRWIN,2023-03-18 20:02,"RVC, CIVIC CENTER PARK PDES IC Riverside",RVC,LOCAL,Riverside,6,"33.7323929229142, -116.382508841395",,,
2e9ebfba-8fb8-4f81-8711-9706641a39e2,IRWIN,2023-03-18 21:03,"RVC, CIVIC CENTER PARK PDES IC Riverside",RVC,LOCAL,Riverside,6,"33.7323929229142, -116.382508841395",,,
24ce15d1-698c-4e20-9055-f3da708bbf25,IRWIN,2023-03-18 21:27,"RVC, HOLSTEINER CI  SANJ IC Riverside",RVC,LOCAL,Riverside,6,"33.7848228952923, -116.99750095307",,,
4dec0eaa-6e09-4b38-b22a-780eb2a5c19b,IRWIN,2023-03-18 21:49,"RVC, RANCHO LAS FLORES PARK COAC IC Riverside",RVC,LOCAL,Riverside,6,"33.6977999288138, -116.199006806266",,,
49c3d5f3-4ec3-42fb-8064-387039c5e382,IRWIN,2023-03-18 23:18,"BTU, CASINO IC Butte",BTU,STATE,Butte,3,"39.5053141549465, -121.506801290942",,,
1439260612,PulsePoint,2023-03-18 23:56,"LAC, E AVENUE S & CALLE GRILLO, PALMDALE",LAC,LOCAL,Los Angeles,1,"34.55785, -118.12624",,,
51e85f14-cef6-4415-9468-7cd85d1ca5fb,IRWIN,2023-03-19 04:43,"RVC, CRESTMORE RD / CAPARY RD IC Riverside",RVC,LOCAL,Riverside,6,"33.9885348964867, -117.397980038472",,,
9abcdf10-9bc8-4ea0-ade5-d261a6b3ab66,IRWIN,2023-03-19 10:28,"RVC, LAKESHORE DR / CHANEY ST IC Riverside",RVC,LOCAL,Riverside,6,"33.6743988633719, -117.345631004476",,,
1439575127,PulsePoint,2023-03-19 10:41,"LAC, GLENDORA RIDGE RD & GLENDORA MOUNTAIN RD, ANGELES FOREST",LAC,FEDERAL,Los Angeles,1,"34.20411, -117.80893000000003",,,
017ce510-67b6-4484-a71f-9e0e0a5315ac,IRWIN,2023-03-19 14:20,"RVC, RUBIDOUX ST / REQUA AV IC Riverside",RVC,LOCAL,Riverside,6,"33.717744929537, -116.229472813218",,,
1439821943,PulsePoint,2023-03-19 16:29,"LFD, 1370 NB 405 FWY, Los Angeles",LFD,LOCAL,Los Angeles,1,"34.172602, -118.46798",,,
4f4e5a94-5579-48b3-b576-c55a3524aae0,IRWIN,2023-03-19 18:03,"RVC, LOMA LINDA RD / VIA DEL CORONADO IC Riverside",RVC,LOCAL,Riverside,6,"33.4714708526291, -117.110076948145",,,
6d572060-4a4a-4a88-a201-de0fe6943f32,IRWIN,2023-03-19 18:58,"RVC, LA BERTHA LN / CONNECTICUT DR IC Riverside",RVC,LOCAL,Riverside,6,"33.7048918721171, -117.250336990475",,,
e772daab-46ab-4dda-b7ff-472a99e160af,IRWIN,2023-03-19 19:16,"RVC, LINCOLN ST / AVE 64 IC Riverside",RVC,LOCAL,Riverside,6,"33.5839089221179, -116.07026077459",,,
84605689-aa54-4625-9166-73052f120f65,IRWIN,2023-03-19 19:33,"RVC, W SUMNER AV  LELS IC Riverside",RVC,LOCAL,Riverside,6,"33.6723118640487, -117.328888001435",,,
cd90303b-fb64-4475-a82d-48ccc25bf98b,IRWIN,2023-03-19 19:41,"RVC, FREDERICK ST / ALESSANDRO BL IC Riverside",RVC,LOCAL,Riverside,6,"33.917277895982, -117.2611490092",,,
83a573a3-69ef-4a58-a1e4-b241b6a82d80,IRWIN,2023-03-19 21:54,"RVC, ROBIN DR  LELS IC Riverside",RVC,LOCAL,Riverside,6,"33.6779328622092, -117.374272009672",,,
1426820112.0,PP,2023-03-03 08:07,"Gilman Dr & I-5 SB on ramp, San Diego, CA",SDFD,LOCAL,San Diego,6,N 32° 51.002' W 117° 14.137',Knockdowns,Rawaf,"Small 5x5 homeless encampment fire, unit on scene handling."
1426869263.0,PP ,2023-03-03 09:19,"SR-94 & SR-15, San Diego, CA",SDFD,LOCAL,San Diego,6,N 32° 43.031' W 117° 6.881',Urban,Rawaf,
1431988430.0,PP,2023-03-09 18:43,"200 QUEENS LN, PETALUMA, CA",SOCO,STATE,Sonoma,2,N 38° 16.531' W 122° 43.384',Nothing on radio,Daniel,"Cams broken, nothing on radio"
1437070158.0,PP,2023-03-09 18:43,"7909 Caminito Santaluz Norte, San Diego, CA, 92127, USA",SDFD,LOCAL,San Diego,6,N 32° 59.816' W 117° 9.349',Weather,Rawaf,"Looks very wet, no views yet... UTL."
,PP,2023-03-17 11:27,"Chamberlaine Way & Koala Rd, Adelanto, CA, 92301, USA",SBCFD,LOCAL,San Bernardino,6,N 34° 35.220' W 117° 27.235',Nothing on cameras,Rawaf,"Light fuels, high humidity."
,PP,2023-03-18 8:48,"12694 Via la Mirada, Valley Center, CA, 92082, USA",SDFPD,STATE,San Diego,6,N 33° 15.921' W 117° 3.330',Knockdowns,Rawaf,"Smoke breifly visible, now dissipated."
1439003276.0,PP,2023-03-18 16:33,I-805 NB on ramp & 163,SDFD,LOCAL,San Diego,6,N 32° 48.546' W 117° 9.173',Urban,Sierra,Urban
,PP,2023-03-23 11:26,"Petaluma Blvd N & Stony Point Rd, Petaluma, CA, 94952, USA",SOCO,STATE,Sonoma,2,N 38° 16.139' W 122° 40.237',Nothing on cameras,Rawaf,
1443354389.0,PP,2023-03-24 7:47,"445 Hotel Cir S, San Diego, CA, 92108, USA",SDFD,LOCAL,San Diego,6,N 32° 45.599' W 117° 9.980',Unable to locate (UTL),Rawaf,1 engine on scene and cancelled the second engine.
1444188429.0,PP,2023-03-25 8:19,"Poway Rd & I-15N, San Diego, CA, 92128, USA",SDFD,LOCAL,San Diego,6,N 32° 56.713' W 117° 6.093',Knockdowns,Rawaf,"Location is a regular homeless encampment, knockdown."
1446783455.0,PP,2023-03-28 16:00,"Denise Ave, Bakersfield, CA, 93308, USA",,LOCAL,Kern,5,N 35° 24.284' W 119° 0.401',Urban,Daniel,
8e343bfe-e26f-4149-9bc8-392c17f063d0,IRWIN,2023-03-20 05:56,"RVC, MAIN ST  LAQ IC Riverside",RVC,LOCAL,Riverside,6,"33.6774399207348, -116.302531822987",,,
g18-2023-03-20T16:58:25+00:00,GOES,2023-03-20 09:58,"High Probability, Tulare County, 27 MW",KNP,FEDERAL,Tulare,5,"36.4779, -118.5289",,,
{A86C72EA-15A7-4792-AEB9-FBEBFA600A82},Intterra FIRIS,2023-03-20 11:15,test test jlblock_firis jlblock_firis,FKU,STATE,Fresno,5,"37.13221546479606, -119.51276828713053",,,
{5ACCDDA2-E85E-4FBA-99C2-32E0C58207BB},Intterra FIRIS,2023-03-20 11:15,jlblock_firis jlblock_firis,FKU,STATE,Fresno,5,"37.13221546479606, -119.51276828713053",,,
4630e507-01c8-40a5-a31e-3c926b661a7b,IRWIN,2023-03-20 13:57,"RVC, N PERRIS BL  PERR IC Riverside",RVC,LOCAL,Riverside,6,"33.7915558834562, -117.226111993139",,,
abe15467-98e5-4193-89aa-810caf190f25,IRWIN,2023-03-20 14:01,"PSP, KAREN IC Riverside",PSP,LOCAL,Riverside,6,"33.9247949357229, -116.562776888341",,,
19a8fff9-aae6-480f-894a-a856b6bd7fe4,IRWIN,2023-03-20 14:40,"RVC, 66 IC Riverside",RVC,LOCAL,Riverside,6,"33.5684119197271, -116.079913775109",,,
a16e0e38-c054-46af-b46a-c2ad326c0ba4,IRWIN,2023-03-20 14:50,"RVC, MURRIETA RD  MENI IC Riverside",RVC,LOCAL,Riverside,6,"33.7313038775925, -117.206239984952",,,
1440673197,PulsePoint,2023-03-20 18:33,"LAC, NB 14 AT AVENUE H ,",LAC,LOCAL,Los Angeles,1,"34.71877, -118.17",Urban,Sierra,
796e804e-a9c7-439e-805e-6cbf3e7029bb,IRWIN,2023-03-20 19:47,"SCU, STA 31 PACHECO_PASS IC Santa Clara",SCU,STATE,Santa Clara,2,"37.0124249553466, -121.347329966966",Fusion Center Instruction,Sierra,
1440799425,PulsePoint,2023-03-20 22:45,"LAC, N 10TH ST E & E AVENUE P-8, PALMDALE",LAC,LOCAL,Los Angeles,1,"34.59446, -118.11189",,,
1441175461,PulsePoint,2023-03-21 11:55,"LAC, 180TH ST E & E AVENUE Q, LAKE LOS ANGELES",LAC,LOCAL,Los Angeles,1,"34.58724, -117.8091",,,
1441175461,PulsePoint,2023-03-21 11:55,"LAC, 39004 180TH ST E, LAKE LOS ANGELES",LAC,LOCAL,Los Angeles,1,"34.59171500000001, -117.8091",,,
318136f2-ab1b-4ba9-a8e4-7906b3b58266,IRWIN,2023-03-21 14:26,"RVC, HY 111  / AVE 66 IC Riverside",RVC,LOCAL,Riverside,6,"33.5697779199691, -116.078484774961",,,
c0f06341-c9a1-4e5f-83e2-ca215109b698,IRWIN,2023-03-21 18:10,"RVC, AIRPORT BL / FILLMORE ST IC Riverside",RVC,LOCAL,Riverside,6,"33.642082925929, -116.129197789555",Agriculture / farm,Daniel,
a8215ec5-8f85-4fbd-8397-5519606ca3d7,IRWIN,2023-03-22 00:36,"RVC, SUNNYMEAD BL  MOVA IC Riverside",RVC,LOCAL,Riverside,6,"33.9390658994078, -117.244586008095",,,
1441688552,PulsePoint,2023-03-22 04:05,"LAC, E AVENUE M & N 30TH ST E, PALMDALE",LAC,FEDERAL,Los Angeles,1,"34.64591999999999, -118.07651",,,
bb6b6ff3-912d-48b2-9302-16fe9c24f3c9,IRWIN,2023-03-22 06:25,"RVC, ALESSANDRO BL  MOVA IC Riverside",RVC,LOCAL,Riverside,6,"33.9172978960619, -117.259756008962",,,
8aff10f2-c011-44ad-a4d5-12e0c99d073e,IRWIN,2023-03-22 08:02,"RVC, HAMMOND RD / AVE 66 IC Riverside",RVC,LOCAL,Riverside,6,"33.5693189200472, -116.076013774486",,,
g18-2023-03-22T17:29:25+00:00,GOES,2023-03-22 10:29,"Medium Probability, Kern County, 27 MW",CDD,FEDERAL,Kern,5,"35.4569, -118.1704",,,
g18-2023-03-22T19:00:28+00:00,GOES,2023-03-22 12:00,"Medium Probability, Kern County, 58 MW",KRN,LOCAL,Kern,5,"35.0829, -118.9391",,,
1c858cd4-55bb-432a-a408-e452e0911b3c,IRWIN,2023-03-22 13:50,"RVC, SUNNYMEAD BL  MOVA IC Riverside",RVC,LOCAL,Riverside,6,"33.9390758995018, -117.242923007809",,,
3241b744-6438-40c6-9a22-9563ac618a6a,IRWIN,2023-03-23 03:36,"RVC, STANFORD ST / HY 74  E IC Riverside",RVC,LOCAL,Riverside,6,"33.7476808945389, -116.932599938871",,,
ec61691e-ad3b-4c73-abfc-4fcc7bb66260,IRWIN,2023-03-23 05:07,"RVC, MISSION BL  JRPV IC Riverside",RVC,LOCAL,Riverside,6,"34.0118048955332, -117.46218505137",,,
70edc179-67ad-42dd-909b-ba9c4817dbe0,IRWIN,2023-03-23 09:36,"HIA, Marshall Lane IC Humboldt",HIA,FEDERAL,Humboldt,2,"41.0843550901621, -123.694713843568",Weather,Rawaf,"No views available, but extensive snow cover."
bcd33106-6c3f-4e62-823a-18c02381de2c,IRWIN,2023-03-23 12:00,"RVC, HIGHLAND SPRINGS AV ONRP  / I 10  E IC Riverside",RVC,LOCAL,Riverside,6,"33.9265509149056, -116.940720954494",Urban,Rawaf,
921b129d-c2e3-4914-8bfb-11a0e8b66762,IRWIN,2023-03-23 15:45,"RVC, I 10  E/ SUNSET AV OFRP IC Riverside",RVC,LOCAL,Riverside,6,"33.9253409160777, -116.917146950299",,,
cf3832a9-7f33-4786-83ac-52e2060ce27f,IRWIN,2023-03-23 17:36,"RRU, RAYMOND RD  GOOD IC Riverside",RRU,STATE,Riverside,6,"33.7895458813302, -117.26040599889",,,
c6248b17-93b1-4559-8a98-607165db5b1c,IRWIN,2023-03-23 19:26,"NAP, SOSCOL IC Napa",NAP,LOCAL,Napa,2,"38.2884749969045, -122.275372254369",,,
fc75c8a7-a918-49fd-9cf6-2a55f5cad3ea,IRWIN,2023-03-23 20:57,"RVC, SUMMERTREE DR  PERR IC Riverside",RVC,LOCAL,Riverside,6,"33.8069798852687, -117.225503994257",,,
dec0c7ca-7c34-4569-94f9-6331773ba0d6,IRWIN,2023-03-24 03:43,"RRU, SEMINOLE DR  CABA IC Riverside",RRU,STATE,Riverside,6,"33.9199109218928, -116.801281929684",,,
2e564280-9eb2-43b4-a24f-5d7863c75254,IRWIN,2023-03-24 04:31,"RVC, S STATE ST  SANJ IC Riverside",RVC,LOCAL,Riverside,6,"33.7733078953604, -116.971951947727",,,
bb95ff8d-d7c2-4176-93ef-758c49c65c12,IRWIN,2023-03-24 07:14,"RVC, DILLON RD / LONG CANYON RD IC Riverside",RVC,LOCAL,Riverside,6,"33.9252829415916, -116.45815586999",Dirt / desert,Rawaf,No cameras available.
39c8d558-57b1-40f0-b18b-f4a0901da241,IRWIN,2023-03-24 10:18,"MUR, SCOTT RD  MENI IC Riverside",MUR,LOCAL,Riverside,6,"33.6405788691262, -117.168942971403",Knockdowns,Rawaf,Urban with little potential.
0d032d1a-fc92-480e-8a05-ce730d722dc4,IRWIN,2023-03-24 11:29,"RVC, FREDERICK ST / EUCALYPTUS AV IC Riverside",RVC,LOCAL,Riverside,6,"33.9315348976045, -117.261404010388",Other - Enter reason,Rawaf,"Urban and old: ""FireDiscoveryDateTime: 2023-03-24 10:48 PDT"""
08cb98e2-efd5-4ccd-9a55-161ee22e5f99,IRWIN,2023-03-24 13:20,"RVC, MISSION BL  JRPV IC Riverside",RVC,LOCAL,Riverside,6,"34.0010448969609, -117.414949042397",Urban,crawl,
{7013152A-23B7-4E3C-AD8B-28F6C87EA0A3},Intterra FIRIS,2023-03-24 14:56,No additional information Kern_032420232058Z DPS,KRN,,Kern,5,"35.7119544829434, -119.56483057249386",,,
{5376AEE9-1679-468A-A984-F5A65C124FBE},Intterra FIRIS,2023-03-24 15:14,No additional information Tulare_032420232207Z DPS,KCF,LOCAL,Kings,5,"36.016014574127475, -119.53633696797277",,,
0cf94c98-7f52-4c1d-96e7-f4a4a3886f5d,IRWIN,2023-03-24 16:40,"YRE, CASINO IC Siskiyou",YRE,LOCAL,Siskiyou,3,"41.7137022263433, -122.633088783395",,,
7c74fd26-53d6-4ef2-b0b0-81fffc8bb1b6,IRWIN,2023-03-24 21:05,"RVC, SANTO DR  SANJ IC Riverside",RVC,LOCAL,Riverside,6,"33.7792278969342, -116.955900945408",,,
1730e032-0838-45cc-bcad-296375e64321,IRWIN,2023-03-24 23:22,"RVC, 4TH ST / COAHUILLA ST IC Riverside",RVC,LOCAL,Riverside,6,"33.5719809203648, -116.076078774703",,,
69d85994-7ae1-4c60-a703-a9838c5e0155,IRWIN,2023-03-25 00:50,"RVC, RAMON IC Riverside",RVC,LOCAL,Riverside,6,"33.816309931337, -116.410547852944",,,
1444075727,PulsePoint,2023-03-25 03:03,"LAC, SOLEDAD CANYON RD & WHITES CANYON RD, SANTA CLARITA",LAC,LOCAL,Los Angeles,1,"34.41561999999999, -118.47213",,,
1444235700,PulsePoint,2023-03-25 09:38,"LAC, 44341 CEDAR AVE, LANCASTER",LAC,LOCAL,Los Angeles,1,"34.68905000000041, -118.13816999996011",Urban,Rawaf,
eba46d0c-380a-4587-91c5-3f799542cb60,IRWIN,2023-03-25 09:49,"RVC, W SUMNER AV /N SPRING ST IC Riverside",RVC,LOCAL,Riverside,6,"33.6719548640801, -117.32756400118",Urban,Rawaf,
1444303048,PulsePoint,2023-03-25 11:30,"LAC, N 60TH ST E & E AVENUE E, LANCASTER",LAC,LOCAL,Los Angeles,1,"34.76304, -118.02344999999998",Knockdowns,Rawaf,"Smoke visible, though looks desert and very green... Smoke appears to be reducing... Units on scene, smoke has dissipated."
{82C2D3C0-E575-430D-A369-C357FA8F2EF8},Intterra FIRIS,2023-03-25 11:31,No additional information MarinSlide_032520231734Z DPS,MRN,STATE,Marin,2,"38.144522683999, -122.56543539860664",Other - Enter reason,Rawaf,"From Intel 12, Marin Landslide location."
{91FF951B-CCAC-4C0D-BE65-C8266E87BB39},Intterra FIRIS,2023-03-25 11:43,No additional information MarinSlide_032520231734Z DPS,MRN,STATE,Marin,2,"38.1445858168333, -122.56570703854399",Other - Enter reason,Rawaf,"From Intel 12, Marin Landslide location."
1444343887,PulsePoint,2023-03-25 12:32,"LAC, SOLEDAD CANYON RD & W SIERRA HWY, ACTON",LAC,STATE,Los Angeles,1,"34.488150000000005, -118.13674000000002",,,
891da638-f814-48dd-b996-fcb0fee0960b,IRWIN,2023-03-25 13:57,"RVC, BOB HOPE DR / RAMON RD IC Riverside",RVC,LOCAL,Riverside,6,"33.816309931337, -116.410547852944",,,
c54493ac-3da7-4e72-8c3c-d6d627400eb6,IRWIN,2023-03-25 15:57,"LNU, HWY 1  / KRUSE RANCH RD IC Sonoma",LNU,STATE,Sonoma,2,"38.5952329398745, -123.345797450277",,,
1444570743,PulsePoint,2023-03-25 18:00,"LFD, 244 W CENTURY BLVD, Los Angeles",LFD,LOCAL,Los Angeles,1,"33.945392, -118.27769",,,
762aa967-024f-4860-820d-87fc6488443d,IRWIN,2023-03-25 18:12,"STH, QUAIL CT  ST_HELENA_CITY IC Napa",STH,LOCAL,Napa,2,"38.5068879991653, -122.478714311506",,,
e58b780b-8f91-4ee9-8d34-0610cd6dfc63,IRWIN,2023-03-25 18:25,"RVC, HY 111   INDO IC Riverside",RVC,LOCAL,Riverside,6,"33.7147869292898, -116.227523812642",,,
1444649297,PulsePoint,2023-03-25 19:48,"LFD, 12630 W PAXTON ST, Los Angeles",LFD,LOCAL,Los Angeles,1,"34.287175, -118.4075",,,
g18-2023-03-26T04:34:25+00:00,GOES,2023-03-25 21:34,"High Probability, Kern County, 49 MW",KRN,LOCAL,Kern,5,"35.6304, -119.7281",,,
37f0218f-651d-4879-a684-a1a2ac1312f1,IRWIN,2023-03-26 01:26,"RVC, SANTA ROSA WY  PDES IC Riverside",RVC,LOCAL,Riverside,6,"33.7278079224778, -116.380518840685",,,
4d0c4f6b-de58-410c-a633-9d64d8509560,IRWIN,2023-03-26 04:40,"RRU, POARCH RD / HILLTOP DR IC Riverside",RRU,STATE,Riverside,6,"33.9639218988296, -117.305929020661",,,
f5e51794-b1c1-4439-9271-d77613c51319,IRWIN,2023-03-26 07:01,"LNU, BIG ROCK RD  ST_HELENA_CITY IC Napa",LNU,STATE,Napa,2,"38.5162220029225, -122.439096306725",,,
652b4f84-984b-44e0-8854-8399519ca962,IRWIN,2023-03-26 08:14,"RVC, CAHUILLA IC Riverside",RVC,LOCAL,Riverside,6,"33.9587059432338, -116.499470879934",,,
1445005427,PulsePoint,2023-03-26 09:30,"LAC, 43340 YALE CT, LANCASTER",LAC,LOCAL,Los Angeles,1,"34.6702750000001, -118.17993499999547",,,
6abb821c-4384-4e8b-81cf-eaafcec26066,IRWIN,2023-03-26 11:09,"RRU, SAN TIMOTEO CANYON RD  MOVA IC Riverside",RRU,STATE,Riverside,6,"33.9969189106746, -117.161994998501",,,
fa43a93a-b222-400b-9ddb-d3b7229f030e,IRWIN,2023-03-26 11:26,"RVC, BROADWAY ST / LINDSAY AV IC Riverside",RVC,LOCAL,Riverside,6,"33.5255019909894, -114.653988513989",,,
{D83D1AE8-524B-45A5-A369-73ADE00548BE},Intterra FIRIS,2023-03-26 12:35,17902acres TulareFlood_032620231647Z PERIM,,,,5,"36.0441535223032, -119.54757092351392",,,
38f9f314-94ae-466b-9dcd-0718affc7e61,IRWIN,2023-03-26 12:39,"RVC, BARRETT AV /W PLACENTIA AV IC Riverside",RVC,LOCAL,Riverside,6,"33.8229988868424, -117.23043799638",,,
1930cc1a-73af-4270-959a-d372b50e447a,IRWIN,2023-03-26 14:50,"BTU, WILLIAMS IC Butte",BTU,STATE,Butte,3,"39.6645281553748, -121.661346336109",,,
65631859-bdfe-41d2-aa35-de1d66e1b736,IRWIN,2023-03-26 17:58,"CRD, Quick IC Imperial",,FEDERAL,Imperial,6,"32.7433348894534, -114.688211462966",,,
15e1220a-5188-48f6-9539-2611c88769f2,IRWIN,2023-03-26 18:45,"RVC, AVE 52  / SHADY LN IC Riverside",RVC,LOCAL,Riverside,6,"33.6710779270059, -116.173417799649",,,
1f7b1172-d06a-4461-ab80-50df281d408f,IRWIN,2023-03-26 19:58,"RVC, BERINGER DR  SANJ IC Riverside",RVC,LOCAL,Riverside,6,"33.766081896669, -116.932894940373",,,
35229a48-fc5b-4e72-a9cc-a1c7258900e9,IRWIN,2023-03-26 21:23,"RVC, LAUNCH POINTE RV PARK LELS IC Riverside",RVC,LOCAL,Riverside,6,"33.6770638621593, -117.373357009447",,,
e4a01925-e337-4f27-919c-3ea95ed1293f,IRWIN,2023-03-26 22:06,"CZU, MT HERMON RD  SCOTTS_VALLEY IC Santa Cruz",CZU,STATE,Santa Cruz,2,"37.0529869106571, -122.038760076894",,,
34d8ab2c-c974-416b-9e70-a36f3d00ecce,IRWIN,2023-03-26 22:14,"RVC, DEL NORTE WY / ROSEVIEW LN IC Riverside",RVC,LOCAL,Riverside,6,"33.827316933605, -116.393067850735",,,
ab6a870a-1df2-4762-8340-b2f856754a4e,IRWIN,2023-03-26 23:42,"RVC, IRIS AV / LASSELLE ST IC Riverside",RVC,LOCAL,Riverside,6,"33.8910498959731, -117.207153997789",,,
1425100071,PulsePoint,2023-03-01 02:12,"LAC, W AVENUE S & 14 FWY, PALMDALE",LAC,STATE,Los Angeles,1,"34.55567, -118.13227",,,
ad923352-d205-43c0-b52c-43bc02c9c328,IRWIN,2023-03-01 05:05,"RVC, 111 IC Riverside",RVC,LOCAL,Riverside,6,"33.5697779199691, -116.078484774961",,,
1c65432d-146a-4b0f-9804-ad8214ac9bff,IRWIN,2023-03-01 15:22,"LNU, SPRING MOUNTAIN RD  ST_HELENA IC Napa",LNU,STATE,Napa,2,"38.5231369953233, -122.546293323606",Prescribed fire,Libraty,In a winery
12a3c0e2-b883-4510-a029-7178f5d58284,IRWIN,2023-03-01 15:40,"RVC, KABIAN PARK MENI IC Riverside",RVC,LOCAL,Riverside,6,"33.7141568738108, -117.238986989248",Urban,Libraty,
1425776646,PulsePoint,2023-03-01 20:41,"LFD, 340 N BEAUDRY AVE, Los Angeles",LFD,LOCAL,Los Angeles,1,"34.062958, -118.25149",,,
f9b8ac0f-717b-4bb1-942a-9014f5af480a,IRWIN,2023-03-01 21:26,"BDU, 2023 XBO February March Winter Storms IC San Bernardino",BDU,LOCAL,San Bernardino,6,"34.1038938179385, -117.250845322525",,,
9bd2a4f3-06b5-48cd-a0a8-4fe9db51f494,IRWIN,2023-03-02 00:32,"RVC, SUNNYMEAD BL / STRIP DR IC Riverside",RVC,LOCAL,Riverside,6,"33.9389628990378, -117.251002009192",,,
1443a78f-0d83-4f11-bf0c-8cfedd76ebb2,IRWIN,2023-03-02 05:49,"HUU, COOKS VALLEY BENBOW IC Humboldt",HUU,STATE,Humboldt,2,"40.0033420083118, -123.781878699039",,,
g18-2023-03-02T20:01:18+00:00,GOES,2023-03-02 12:01,"Partially Cloudy/Smoke, Imperial County, 86 MW",WML,LOCAL,Imperial,6,"33.0278, -115.6902",Urban,Daniel B,
ebcbff69-bbd6-4a39-bc34-bf292ee593c8,IRWIN,2023-03-02 15:09,"RVC, WATERFORD WY / GOLDEN FIELD CT IC Riverside",RVC,LOCAL,Riverside,6,"33.9320509016929, -117.189190997975",Urban,Daniel B,
6520665e-b05a-4b6b-9ac3-34b06786735a,IRWIN,2023-03-02 15:09,"RVC, SUNNYMEAD PARK MOVA IC Riverside",RVC,LOCAL,Riverside,6,"33.9361969000938, -117.226393004727",Urban,Daniel B,
b6cb20cd-cd6c-4888-bd76-0920d71a990a,IRWIN,2023-03-02 15:25,"AEU, LIBERTY IC San Joaquin",AEU,STATE,San Joaquin,4,"38.2354630815643, -121.082250064929",Agriculture / farm,Daniel B,
b3089d5a-da3d-484e-80cd-a97003aa1f09,IRWIN,2023-03-02 17:24,"RVC, W 3RD ST  PERR IC Riverside",RVC,LOCAL,Riverside,6,"33.7833958818591, -117.23798799454",Urban,Daniel,
1426491704,PulsePoint,2023-03-02 18:55,"LAC, MOSSDALE AVE & N 176TH ST E, LAKE LOS ANGELES",LAC,LOCAL,Los Angeles,1,"34.63036, -117.81679999999999",Dirt / desert,Daniel,
e7468488-5c0a-405d-890b-27a8b54fbda8,IRWIN,2023-03-02 21:34,"RVC, INDIO BL / SUN GOLD ST IC Riverside",RVC,LOCAL,Riverside,6,"33.7284169307255, -116.231069814336",,,
e1f73e33-e84f-4935-a01f-e72386ed7c3a,IRWIN,2023-03-02 23:29,"RVC, HY 111  / FRANK SINATRA DR IC Riverside",RVC,LOCAL,Riverside,6,"33.7724519241211, -116.447229855943",,,
c756bafa-6964-4082-a17b-a5cb18fe7c74,IRWIN,2023-03-03 00:46,"RVC, I 10  E/ GOLF CENTER PY OFRP IC Riverside",RVC,LOCAL,Riverside,6,"33.7285009321506, -116.205188809761",,,
6beff325-2b82-4c56-ab2d-f8f0cf4be013,IRWIN,2023-03-03 01:27,"RVC, W 4TH ST / NAVAJO RD IC Riverside",RVC,LOCAL,Riverside,6,"33.7811358813035, -117.243331995282",,,
8098cc7c-b05c-4d1e-9e0c-e1b003603711,IRWIN,2023-03-03 14:40,"PNF, PNF D-110 IC Plumas",PNF,FEDERAL,Plumas,3,"39.8777830454954, -120.755291022728",Nothing on cameras,crawl,
1427253650,PulsePoint,2023-03-03 17:07,"LFD, 100 EB 91 FWY, Los Angeles",LFD,LOCAL,Los Angeles,1,"33.873149, -118.28631",,,
a268c3de-4609-42c9-8cd0-50943ee19d5a,IRWIN,2023-03-03 17:15,"RRU, VAN BUREN BL / MOCKINGBIRD CANYON RD IC Riverside",RRU,STATE,Riverside,6,"33.8834098839596, -117.407312031621",,,
1427447826,PulsePoint,2023-03-03 22:39,"LAC, N 70TH ST E & E AVENUE K, LANCASTER",LAC,LOCAL,Los Angeles,1,"34.67216, -118.00534",,,
0ee95159-c4ea-43fc-ad9e-46754654f4c0,IRWIN,2023-03-03 23:09,"RRU, BUCK RD / BERENDA RD IC Riverside",RRU,STATE,Riverside,6,"33.5545968656815, -117.048279943861",,,
eb535321-e173-4460-9700-8428b45f178c,IRWIN,2023-03-04 01:33,"RRU, NEWPORT RD  WINC IC Riverside",RRU,STATE,Riverside,6,"33.6854138786932, -117.089232961135",,,
4e360123-41a9-474f-a300-165f03a98233,IRWIN,2023-03-04 01:53,"RVC, PALM DR / 20TH AV IC Riverside",RVC,LOCAL,Riverside,6,"33.9032609365836, -116.501595875873",,,
932b3ba6-1f41-4556-a7e6-c73bb3a1e50f,IRWIN,2023-03-04 06:01,"BDU, HWY 138  / HWY 2  N IC San Bernardino",BDU,STATE,San Bernardino,6,"34.3913869318434, -117.577130102372",,,
b0f5563d-8f54-49ef-9cc1-ea631ef865d5,IRWIN,2023-03-04 06:10,"RVC, I 10  W/ BEAUMONT AV OFRP IC Riverside",RVC,LOCAL,Riverside,6,"33.9272499132612, -116.971704959933",,,
f7d87d92-b538-43d9-bbd9-8fa796e282d6,IRWIN,2023-03-04 08:54,"RVC, STACIE LN / SHADY LN IC Riverside",RVC,LOCAL,Riverside,6,"33.6643859261838, -116.173776799192",Urban,Rawaf,"No cameras available (Toro Peak cams are still broken). Also, ag/desert and 30 mins old."
b1a34ed4-b8d2-4289-8df3-c4e825ee28c9,IRWIN,2023-03-04 10:12,"RVC, W SUMNER AV  LELS IC Riverside",RVC,LOCAL,Riverside,6,"33.6723118640487, -117.328888001435",Urban,Rawaf,"Also, nothing on cameras."
5e6f1922-2762-4508-81e8-49af36fddb46,IRWIN,2023-03-04 13:23,"RVC, REQUA AV / MONROE ST IC Riverside",RVC,LOCAL,Riverside,6,"33.7177179293002, -116.233748813973",,,
60bb74a4-4768-47cf-8dbb-0addcad4565a,IRWIN,2023-03-04 16:30,"RRU, SANTA ROSA MINE RD  PERR IC Riverside",RRU,STATE,Riverside,6,"33.7912528763296, -117.354465015206",Fusion Center Instruction,Sierra,
1428161086,PulsePoint,2023-03-04 19:56,"LAC, W PILLSBURY ST & N SIERRA HWY, LANCASTER",LAC,LOCAL,Los Angeles,1,"34.69102000000001, -118.13586",Urban,Sierra,
0f28972e-0373-4d3a-b291-bbc43c5acf0a,IRWIN,2023-03-04 21:55,"RVC, ALICANTE DR  HOML IC Riverside",RVC,LOCAL,Riverside,6,"33.7541568847613, -117.124025972558",,,
5b5219d2-1359-4412-af67-c112ff5b5c3b,IRWIN,2023-03-04 22:23,"RRU, MORONGO CASINO RESORT AND SPA CABA IC Riverside",RRU,STATE,Riverside,6,"33.9199109218928, -116.801281929684",,,
203d2bea-ab50-493a-81e4-3e2d5a1ef8a6,IRWIN,2023-03-04 22:44,"RVC, FOUNTAIN ST / PROSPECT AV IC Riverside",RVC,LOCAL,Riverside,6,"34.0144959031888, -117.331355029122",,,
a604408c-b6b4-4283-b540-4ce4624c03ab,IRWIN,2023-03-05 04:16,"RVC, RAMONA EXPRESSWAY  /N ALESSANDRO AV IC Riverside",RVC,LOCAL,Riverside,6,"33.8010928995499, -116.954637946918",,,
96c04268-d303-4c39-870e-5610938acd1c,IRWIN,2023-03-05 05:42,"RVC, HAMNER AV  NORC IC Riverside",RVC,LOCAL,Riverside,6,"33.9352508815016, -117.557295061468",,,
a56cf38e-cdbb-4a3c-bb43-593f8ce23010,IRWIN,2023-03-05 15:03,"RRU, LYN AV  WINC IC Riverside",RRU,STATE,Riverside,6,"33.7401638870409, -117.053071959177",Fusion Center Instruction,Dawn,single engine hanled
1428794822,PulsePoint,2023-03-05 15:42,"ORC, Trabuco Canyon Rd & Rose Canyon Rd, TRABUCO CANYON",ORC,STATE,Orange,1,"33.65953, -117.587109",Other - Enter reason,Dawn,BBQ
1428794822,PulsePoint,2023-03-05 15:42,"ORC, Trabuco Canyon Rd & Rose Canyon Rd, TRABUCO CANYON",ORC,STATE,Orange,1,"33.65953, -117.587109",Other - Enter reason,Dawn,BBQ
a285a154-e04c-46f3-946a-82eff6b52c01,IRWIN,2023-03-05 16:46,"RRU, ESPERANZA DR  PERR IC Riverside",RRU,STATE,Riverside,6,"33.8036008774466, -117.35990401712",Urban,Dawn,
65438c12-65b7-4c12-8e9d-5134b178f878,IRWIN,2023-03-05 16:47,"MMU, 2023 XMP EARLY MARCH WINTER STORMS IC Mariposa",MMU,STATE,Mariposa,5,"37.5361161941298, -120.050012820124",Fusion Center Instruction,Dawn,raining
1428876813,PulsePoint,2023-03-05 17:44,"LAC, 31611 CASTAIC RD, CASTAIC",LAC,LOCAL,Los Angeles,1,"34.494175002230484, -118.6204199919685",,,
c8c45433-61e7-4e2c-b7ee-92781dbe1d92,IRWIN,2023-03-05 19:58,"CRZ, LOWER SWANTON RD / HWY 1 IC Santa Cruz",CRZ,LOCAL,Santa Cruz,2,"37.0286018961398, -122.216423100973",,,
1428981388,PulsePoint,2023-03-05 21:02,"LAC, N 20TH ST E & E AVENUE L, LANCASTER",LAC,LOCAL,Los Angeles,1,"34.660450000000004, -118.09445",,,
